{"Accuracy": 0.2, "Average Inference Time": 73.27418137788773, "Average Input Tokens": 6037.36875, "Average Output Tokens": 232.2125}